,⚡ JARVIS — OPÉRATION CASH 10 JOURS
,Objectif : 1 000 € – 10 000 € encaissés (acompte) en 10 jours
,💰 CASH & PIPELINE,,,🔫 VOLUME (le nerf de la guerre)
,Cash acompte déjà SIGNÉ (€),0,,Sollicitations totales (devis+cold),0
,"Pipeline pondéré (probable, €)",750,,Objectif volume (mini),150
,Pipeline potentiel total (€),2500,,Reste à faire pour tenir le volume,150
,Acompte potentiel si tout signe (€),1000,,Réponses cumulées,0
,Atteinte objectif mini 1 000 € (%),0,,Calls cumulés,0
,,,,Propositions cumulées,0
,🎯 FUNNEL (nb prospects par statut),,,Signatures cumulées,0
,Prospects dans le pipe,1
,À contacter,1,,🧭 RÈGLE D'OR
,Contactés,0,,"Le cash rentre à la SIGNATURE (acompte 30–50 %), pas à la livraison. Optimise le nombre de signatures, pas la perfection."
,Réponses,0
,Calls,0
,Propositions envoyées,0,,< 100 sollicitations = objectif raté. > 150 = objectif crédible.
,SIGNÉS,0
,Perdus,0,,Prérequis n°1 : pouvoir facturer (auto-entrepreneur/société + RIB).
